A,slope,B
1.5,1.074232926,1.61134939
0.5,1.074232926,0.537116463
1.5,1.074232926,1.61134939
0.5,1.074232926,0.537116463
1.5,1.074232926,1.61134939
0.5,1.074232926,0.537116463
1.5,1.074232926,1.61134939
0.5,1.074232926,0.537116463
,,
Every step of xA:,0.5,
Every step of xB:,0.537116463,